x1,x2,y
11.01290056847232,23.071120473863783,104.29738246392745
3.242082731163113,24.595835350771345,102.62542413424849
8.976504750908287,22.73880407049198,100.93172103287621
3.840625260587744,22.044616082194356,93.01908958936517
5.912332163458883,22.555699636504087,97.13513070947523
3.176143334156997,19.645784558552222,82.75928156836588
6.232108727587312,19.320775863690308,84.51521218234855
12.220165771210429,26.00574668333772,117.24315250456131
5.545291844824386,25.69651653717319,109.33135799351714
12.17533000634409,19.49605127158162,91.15953509267058
2.4782534876809623,22.903669068058782,95.09292975991609
6.413884289619021,22.885087472450113,98.95423417941947
-3.457091839870415,20.106664995514553,77.9695681421878
13.072961033949293,27.815344162245395,125.33433768293088
13.677218745892166,21.280316520876895,99.79848482939974
-0.957722926746623,22.91759767977988,91.7126677923729
15.05731270965645,21.99742809778378,104.04702510079156
2.163437937436995,20.50689875400083,85.19103295344031
7.129875402378417,23.725416648786172,103.0315419975231
0.3765925699410104,20.633081143316765,83.90891714320807
8.949714201026858,23.228472686618947,102.86360494750264
7.796845610849923,19.710373841688103,87.63834097760234
-0.1729687222194647,24.48410504279761,98.76345144897097
-9.043384884426349,23.073528344816282,84.25072849483878
0.7187395552580353,21.480529909830004,87.64085919457806
4.65014510710022,16.47004459404478,71.53032348327933
-7.130808146151756,22.291625097529,83.03569224396425
6.865326499744878,23.623985574238674,102.36126879669958
2.729663619460951,22.4699468305119,93.60945094150856
1.3093318458473746,24.445478438289847,100.09124559900675
7.903341488784702,21.858184014126714,96.33607754529156
4.441035632680293,22.52363425390037,95.53557264828177
-6.313993161411441,18.277490187068807,67.79596758686378
-0.9793394011034628,23.166211547512347,92.68550678894593
8.891852668117238,18.19490281567039,82.6714639307988
15.012979754862249,25.03392014025085,116.14866031586564
6.864359436522207,23.12260949801375,100.35479742857721
-8.244241475072727,22.286296205716308,81.9009433477925
11.426967409450413,23.14378346494003,105.00210126921053
8.226656178308755,22.59229547343299,99.59583807204072
4.245276004051806,24.00160112531289,101.25168050530337
0.42270315113240464,21.727202990362013,88.33151511258046
7.517091884190819,21.096609354733946,92.9035293031266
3.6644013988068354,21.45381032837656,90.47964271231307
16.406335666888225,21.81174873908651,104.65333062323427
9.046670464776042,18.841267035648674,85.41173860737074
5.293404577156803,25.57094801433127,108.5771966344819
3.9852577879375968,23.581105438806535,99.30967954316374
5.354146447854289,17.37503288281423,75.85427797911122
3.5225616504637247,22.454349489852355,94.33995960987315
0.4656648247305144,21.3731748125492,86.9583640749273
-3.8822222578855836,20.9170294147938,80.78589540128961
2.4345374618763476,23.869314858366018,98.91179689534042
-1.6664189830229903,22.750525977771307,90.33568492806224
10.769901826770823,24.381038360226096,109.2940552676752
5.033163185330985,20.25295826506091,87.04499624557464
10.000819929692057,23.129959883055633,103.52065946191459
-5.136117185258977,24.58349503157175,94.19786294102802
20.756058306960956,24.28723255112715,118.90498851146955
13.77548621754078,23.138173134223273,107.32817875443388
10.214892226974603,19.756328711682976,90.2402070737065
6.8196082302216,22.833457987550954,99.15344018042542
9.265434270618876,20.873675081827706,93.76013459792969
8.419073090832178,21.974487793528567,97.31702426494644
4.655709031103871,20.132421447040592,86.18539481926624
17.912936384478897,22.071097518647715,107.19732645906976
-4.162434214756193,22.15162632237595,85.44407107474761
7.719700577577935,23.237865387434525,101.67116212731604
7.91924250677174,24.077322829798707,105.22853382596657
-4.330046421206992,21.377885964170382,82.18149743547454
-9.229498233799818,24.79117337010823,90.9351952466331
3.464802398757789,22.02567290647356,92.56749402465202
-1.0956022443611495,22.363971840655605,89.36028511826127
9.492851588395467,23.729609909938862,105.41129122815092
3.4649385255359535,17.098054338106653,72.85715587796257
4.594688184083007,22.410223920777998,95.235583867195
9.32160701836239,22.878053297070444,101.83382020664416
-1.0518261045266328,19.365047626550208,77.40836440167419
0.7583005183531357,24.138863265872473,98.31375358184303
-8.92666049635497,20.378166918614095,73.58600717810141
-1.1976355970035772,19.539026463584698,77.95847025733521
9.992585829630451,21.111102607388865,95.43699625918592
2.810884323484068,20.9293476890029,87.52827507949567
11.27087433109385,22.15976342376674,100.90992802616081
1.5631934987297758,21.504556672667,88.58142018939778
8.052371675034928,20.238533862867456,90.00650712650476
-3.159477621887765,22.054794338511886,86.05969973215979
2.3525319271120475,22.498519413633794,93.34660958164723
-1.8475860740606276,20.69900625684064,81.94843895330193
18.25664031928004,24.930813913442407,118.97989597304966
11.781136651908792,20.257692976223172,93.81190855680148
-2.0594307371839715,23.117415047222572,91.41022945170631
8.653628248600835,18.81536816027607,84.91510088970512
3.8921397105450506,22.157181334999105,93.52086505054147
1.8747528338577815,24.30260063632563,100.0851553791603
0.768132163825868,24.074458689652477,98.06596692243578
-4.842162569017045,21.888300475846258,83.71103933436798
3.5887586167428687,23.34485170273027,97.96816542766395
-0.07329981727871626,27.152854310650447,109.53811742532307
13.520321060514611,24.25885815677024,111.55575368759557
12.618424856758493,21.818087535055422,100.89077499698018
-10.616532579423112,24.944976982319115,90.16337534985335
10.709178499015078,25.375626593740748,113.21168487397807
-0.6415004534253281,19.59415491777023,78.7351192176556
-9.16025870503934,25.270572994759867,92.92203327400013
12.603815752357448,20.128219656519477,94.11669437843535
-3.0584007793971804,20.646282742647077,80.52673019119113
8.39606338719884,20.58965015982586,91.75466402650228
11.344881698797396,20.226911985921774,93.25252964248449
4.581713406974065,22.797181926212698,96.77044111182485
1.569494984477657,21.42349606592174,88.26347924816461
9.070674684057515,19.739910001237288,89.03031468900667
13.61778035470208,24.3562177890557,112.04265151092488
8.778681797545262,23.292029215913278,102.94679866119837
4.774321462833604,24.729269620099448,104.69139994323139
11.069233034542567,22.516256380964105,102.13425855839898
-9.413570734062107,22.696657284562406,82.37305840418752
4.402505864242694,19.221463417705255,82.28835953506372
10.03861119422936,20.290477917205028,92.20052286304947
12.92300855186638,21.46734964496652,99.79240713173246
7.2756960390816605,25.71926593632248,111.15275978437158
7.820775220779507,19.485963494909928,86.76462920041922
8.338287650128866,20.390658440786954,90.90092141327668
16.256420830125442,22.868526010345317,108.7305248715067
5.495981198918568,25.001932853960977,106.50371261476248
0.806684292957569,24.06523177765218,98.06761140356629
-4.080908120566338,21.251026369869113,81.92319735891012
12.805741324785608,21.453386820146587,99.61928860537196
-7.96984601512742,24.948471911529918,92.82404163099226
-5.459117260832453,24.822924108359395,94.83257917260512
12.06028822827421,21.48936345402835,99.0177420443876
14.221908369550182,22.40125940986407,104.82694600900646
7.040297391885153,20.03834776568829,88.1936884546383
18.528285082166022,19.425901700658038,97.23189188479817
1.641406150477799,24.313136780418237,99.89395327215075
11.741927927919292,21.65256444540937,99.35218570955678
-4.220617154131814,23.991079763307738,92.74370189909914
4.830828189886687,18.895254807582162,81.41184742021534
6.217905318583245,20.612671448839983,89.66859111394318
-1.1123456685155038,22.658113886185813,90.52010987622775
7.150172591566863,21.197174209551264,92.93886942977191
-20.339642884898183,23.653560388144857,75.27459866768125
-2.4197534989218017,24.381116579451508,96.10471281888422
23.206475522700707,22.567854626640678,114.47789402926341
11.272020917086671,22.489765736132036,102.23108386161482
-0.7107303750049239,23.270551764826592,93.37147668430144
-4.834517574008011,24.58404101467397,94.50164648468788
-2.261111031341593,25.593264045071415,101.11194514894406
4.796045231457262,22.848464351048595,97.18990263565163
0.29401842759590835,18.97414878237137,77.19061355708138
2.9113293974350096,24.03432514097466,100.04862996133365
-4.619516694914784,21.79219649217617,83.5492692737899
10.567679399830801,23.235616550812296,104.51014560307999
7.052039637097797,17.560402915182287,78.29365129782694
4.372545022489943,22.973721656896828,97.26743165007726
2.002484217630234,23.162055527623053,95.65070632812245
6.855265410702599,23.879881012461997,103.37478946055059
4.867276498001504,24.098987153002607,102.26322511001193
-7.176382278195371,20.213676933387774,74.67832545535572
2.7195310068918475,24.759759012484114,102.7585670568283
-7.2019109915873365,20.298778284655384,74.9932021470342
5.759176259170774,22.21665589101706,95.625799823239
-2.7301182819123033,25.088021715817106,98.62196858135613
14.046442839522111,21.80051439655192,102.2485004257298
-0.3156150699470004,22.41853506091557,90.35852517371528
4.510155696063245,26.739568705996902,112.46843052005086
3.9341455920444774,22.737924844340107,95.8858449694049
3.5973183842414085,21.967322141283105,92.46660694937383
16.761455850340425,21.746942241177244,104.7492248150494
16.209335165769403,22.48620239706405,107.15414475402561
-7.881799709079209,20.040054805027925,73.2784195110325
7.596031522196985,24.521628437539814,106.68254527235624
-1.4990152907363914,19.98855361943231,79.45519918699284
2.3367940680720563,22.699877073893333,94.13630236364538
-2.1198374271175986,21.95875089656638,86.71516615914791
10.106883157976974,24.23762857326652,108.05739745104304
-2.2004581270707737,19.122446875072615,75.28932937321969
6.050123359962859,25.00141766334057,107.05579401332513
-6.954049980327303,26.970420858410876,101.9276334533162
1.7709728141562455,23.317933565694062,96.0427070769325
15.238084699041744,25.251522699385077,117.24417549658206
5.688510896802308,24.53978281458967,104.847642155161
7.018250009867421,21.150123700917963,92.61874481353927
-4.105914865175118,24.083625824549454,93.2285884330227
6.546485383927267,24.609212433941835,105.9833351196946
5.6346145187515155,20.912288909397024,90.28377015633961
9.481231952047514,21.269895872519054,95.56081544212373
8.447860371763795,22.996389039148376,101.4334165283573
3.5455947357729687,22.532055520820148,94.67381681905356
-2.8113183946806872,23.643970953491618,92.76456541928579
2.1699290862178113,21.868796005651518,90.64511310882388
11.358640496789592,23.395097336672997,105.93902984348158
14.83672455021502,21.171197968774237,100.52151642531197
-6.510979389993228,25.111828168254288,94.93633328302393
16.920879021090162,23.550663336990908,112.12353236905379
9.147666716494989,24.624005992844626,108.64369068787349
7.892926153719467,20.072088543050416,89.18128032592114
3.548383183716932,18.98312323343891,80.48087611747258
6.404336389889764,21.49093570993997,93.36807922964964
7.8314355550287615,20.323731912162597,90.12636320367915
10.018903677961749,21.95159169102339,98.8252704420553
-4.364218456669395,23.89235520824783,92.20520237632194
8.070203553879955,22.862896996697895,100.52179154067153
8.909114663343896,23.322150742313855,103.19771763259932
-2.7680796449337786,25.523132434868003,100.32445009453824
-2.7862238218117747,23.729008643953943,93.129810754004
9.927365436342473,18.58240570269076,85.25698824710551
9.669908711209692,22.700631138953725,101.47243326702458
8.04104021616232,20.582410707861655,91.37068304760894
1.17154160058127,21.065932192242478,86.43527036955118
-1.7810200242422658,23.372416253579907,92.70864499007736
-0.8593901122265546,22.826108409417223,91.44504352544234
3.4333444720309823,23.115328263728195,96.89465752694376
-0.6931121433426597,22.273577729271796,89.40119877374453
3.72578236421456,20.46201201474536,86.573830423196
11.49393598371589,22.63317853173654,103.02665011066205
-4.769045760642001,23.39331058671112,89.80419658620248
2.946832187472094,24.69165404229461,102.71344835665053
15.6831034961576,17.732418495167128,87.61277747682611
1.215903368191558,24.79846243897884,101.40975312410693
9.857022882495976,23.80705658166117,106.08524920914064
0.44930109754255465,22.465670942003126,91.31198486555506
14.229655196636902,21.48562764220726,101.17216576546593
12.314902163053008,21.119444295942916,97.79267934682467
-10.455515283241155,20.026733308395347,70.65141795034023
-2.0738281061350152,21.5222457686327,85.01515496839579
17.932864930194054,21.29522627543825,104.11377003194706
-1.6264808591834674,22.83226293794033,90.70257089257785
10.167065152390563,24.47530730201121,109.0682943604354
-0.3342697446483225,24.13374623872469,97.20071521025044
7.82162004183208,21.90977888784111,96.46073559319652
11.188809613322753,23.36858281001244,105.66314085337251
-3.467401635797833,24.134113562766434,94.0690526152679
-2.2969230965287197,26.066580942950367,102.96940067527275
3.459432558625722,21.582789464856578,90.79059041805203
-4.698888678365204,21.328732463480883,81.61604117555832
-7.093148067128288,21.38616648672951,79.45151787978976
10.44104801413841,19.323756388224073,88.73607356703471
3.8616896099046363,25.6872926272655,107.61086011896663
17.650885249514182,23.266520439543225,111.71696700768709
-0.638453640869054,23.174075014701682,93.05784641793767
2.186441454010705,20.16338370865262,83.83997628862119
0.8698222466158922,20.821212743098418,85.15467321900957
9.063245789623497,20.555347573756702,92.2846360846503
2.9230132448538955,19.174626213485013,80.62151809879394
5.149607674633412,23.58229586946639,100.47879115249897
-14.159209288884163,21.114979026858485,71.30070681854977
9.983699127048883,20.471430879015013,92.86942264310893
-6.2447383322415035,19.77564935049436,73.85785906973592
-7.057915606296113,23.95064095744284,89.74464822347525
3.043624441102116,22.955114198164292,95.86408123375928
-0.6222982337785057,20.317148908441155,81.64629739998611
12.018063953748356,25.771534438428578,116.10420170746266
8.496316825638203,23.670328838016992,104.17763217770617
0.6572373134277232,21.060195051055512,85.89801751764978
-6.603273681719539,25.251731739234554,95.40365327521867
15.674454602367955,23.945091984412834,112.4548225400193
-6.9090202646684435,22.219927451302468,82.97068954054143
5.196786089321222,23.99749527989048,102.18676720888314
-0.9526323963467878,23.92909278939518,95.76373876123394
10.12051013260439,18.49100087450516,85.08451363062504
-6.926565222535785,21.24508646070192,79.0537806202719
-2.468778253768564,22.760472440268043,89.57311150730361
13.512898044748512,20.63523354837833,97.05383223826183
10.680795998972323,23.24634231244309,104.66616524874469
-2.886839392136319,22.728330784736112,89.02648374680813
3.905454750289694,23.45136670898347,98.71092158622358
5.4765065068468886,18.962200667150583,82.32530917544922
-9.153025911521057,23.53462216498404,85.9854627484151
-0.5964340788651601,19.547588004444215,78.5939179389117
7.420986104482467,20.12471547277665,88.91984799558907
11.606422407216797,21.77896274503469,99.72227338735556
7.533063616709942,20.19134501651818,89.29844368278266
7.835151352023017,25.00923859192361,108.87210571971745
12.823274807308554,20.222621563379533,94.71376106082668
8.274429743820908,22.539262895997194,99.43148132780968
-3.41186179882682,23.635789163685576,92.13129485591548
-17.44549376007124,21.047067308823827,67.74277547522406
-2.393169820502412,23.43108899793049,92.33118617121956
4.749938589513858,20.529664074410682,87.86859488715659
8.48369408743069,22.106029319142653,97.9078113640013
-2.809567871470387,18.712829230222358,73.04174904941904
-0.6333364349233044,22.88569257833011,91.90943387839714
10.279972522094313,28.406468669740917,124.90584720105798
-6.128385244633023,24.76041631100554,93.91327999938913
-7.315406419201835,24.35637850444233,91.11010759856748
-4.842119591830182,19.52881440883647,74.2731380435157
3.788918198914682,22.779039735373747,95.90507714040967
5.3626462353868005,26.395107396701707,111.94307582219363
-3.6039916117305673,21.256294482461264,82.4211863181145
3.3943158291785234,21.369255886158605,89.87133937381294
-5.286039862979482,22.86550479548346,87.17597931895436
2.2807693852439046,19.598559822515995,81.67500867530788
3.1305126122119558,22.55541052022326,94.35215469310499
3.351494655708745,23.05867976630256,96.58621372091899
4.62088569496222,21.5432886307266,91.79404021786863
1.0143510574551255,21.687972197774698,88.76623984855392
0.5583785072921064,21.445298442351213,87.33957227669696
-1.6785215595847358,21.52467719157484,85.42018720671462
5.570214118380571,19.20228095182082,83.37933792566386
10.619175972664898,22.220008938204053,100.4992117254811
3.0332352451096547,21.85445758282227,91.45106557639873
7.220974348740077,21.095543915023157,92.6031500088327
0.09450196488865181,22.937055298036093,92.84272315703302
5.093341312992491,20.330370787993594,87.41482446496687
-1.7683323468906282,23.777989805437738,94.34362687486032
11.476012740198648,27.199380909246834,121.27353637718599
4.5921127197570355,22.95731291768858,97.42136439051136
4.774298718956222,24.624295382321048,104.27148024824041
5.310878919638958,19.584807654877284,84.65010953914809
3.4002412537417697,24.558148783239734,102.6328363867007
3.218627986235867,22.835173522356875,95.55932207566337
9.017072911148562,23.241118652402715,102.98154752075942
5.868496453627144,21.244837988876306,91.84784840913237
1.2920982597639021,22.207405049528543,91.12171845787807
17.89656411158328,19.677777770966937,97.60767519545104
9.692522158868265,19.857529510880966,90.12264020239212
10.115473048894843,22.088345829270505,99.46885636597686
1.3750711297287843,21.027531565951577,86.48519739353509
7.913761676894982,21.535178060250516,95.05447391789704
-3.7270891032520215,21.808276196170514,84.50601568143003
3.5831913046792736,24.400311591049178,102.18443766887599
6.81983513499688,25.05963104793157,108.05835932672316
18.08393031015131,21.373270531057123,104.57701243437981
14.214319374488051,20.57591303874833,97.51797152948137
1.2044933947889582,24.838802946880634,101.55970518231149
0.7599400891711809,21.161767830696316,86.40701141195645
16.300703648956507,20.46816013375704,99.17334418398465
20.809886522966003,23.583594997451893,116.14426651277358
3.351444144489845,21.1660022255135,89.01545304654384
-7.806850306677747,21.715775130497395,80.05625021531183
-6.69670615453861,22.87854038274012,85.81745537642186
-6.982390065652716,24.359457740733255,91.45544089728031
1.8413233063633476,21.480371345229013,88.7628086872794
3.593167443107835,23.641480797001584,99.15909063111417
8.00089606178269,24.911054758906364,108.64511509740814
11.165286215144484,21.853744221594695,99.58026310152326
4.245626813029042,23.950143813140006,101.04620206558907
11.978631531274367,18.8558752250579,88.40213243150598
12.589757893146366,20.508134101428304,95.62229429885959
8.159374370254532,21.648125118676276,95.75187484495964
-3.2705403094181786,21.1586914157568,82.36422535360902
4.856453277225497,25.41895646225779,107.53227912625665
5.326068345229909,22.69937066708468,97.12355101356863
-0.653671008706354,24.793226894079453,99.51923656761146
9.163366022684949,22.054806858929613,98.3825934584034
11.048754649217337,23.37939050247518,105.56631665911806
2.3690131714289153,24.499402754390815,101.36662418899218
-1.1448605033682382,23.99142892985509,95.82085521605212
-0.8924263738890934,23.163069669917586,92.75985230578125
7.305044357611678,20.887431454830377,91.85477017693319
3.6398321528909623,21.810126766384762,91.88033921843001
6.062669314826108,19.865112544371286,86.52311949231125
9.378758050722256,25.171872050958054,111.06624625455447
-23.424317359788734,23.312592040381098,70.82605080173566
22.062548300380165,24.237341435073503,120.01191404067418
11.149970559723705,21.520413712765727,98.23162541078662
-0.04411969478059241,19.083242233911236,77.28884924086435
1.2322826098470885,22.831385692018145,93.55782537791967
-0.8991812456781645,19.553207839962628,78.31365011417235
9.810443585891935,22.438366391677146,100.56390915260052
9.976528770505059,22.848957353012167,102.37235818255373
20.04734417610989,20.641246170285875,103.61232885725339
5.739913245194647,23.472389513856044,100.62947130061882
1.45152602885518,25.53723476313914,104.60046508141174
1.8906733089567678,18.51223475076077,76.93961231199984
5.858730715592196,22.294039339513045,96.03488807364438
10.588193811012367,24.957251173339255,111.4171985043694
9.744848666650963,22.58982879100335,101.10416383066436
0.8435643557247516,20.614542274832708,84.30173345505558
7.052983303703519,25.21455001077133,108.91118334678883
6.9532371303440215,20.652137104708007,90.56178554917605
19.564826141116082,22.72096048276834,111.44866807218945
6.696176099244107,24.858124972808444,107.12867599047789
-2.5635926495113566,26.20889436574231,103.27198481345789
0.5888269528232017,24.502575181426288,99.59912767852835
11.822015931235399,22.986675725290947,104.76871883239919
-3.936113165867873,24.034394869076333,93.20146631043747
4.075272765774551,22.243768363923937,94.0503462214703
-0.1092738028016722,21.030112644390243,85.0111767747593
3.4538480053326595,21.767097656669307,91.52223863200989
19.82905056207094,22.515832792485966,110.8923817320148
-2.692618594714869,20.64715704555536,80.89600958750657
1.4206906120833982,26.48460653904969,108.35911676828216
11.736695904087968,20.930493825058136,96.45867120432051
13.728720362359486,21.547729506346567,100.91963838774575
-4.154901074612219,25.759063126119344,99.88135142986516
12.051627718730598,22.521114210164146,103.13608455938719
4.346342222227403,23.35447817405073,98.76425491843032
-6.165056686343355,25.444496214583847,96.61292817199202
20.498988133270625,21.21615173257818,106.36359506358335
1.3652133391183394,25.99353562935049,106.3393558565203
-0.9600415767230635,22.692552593337652,90.81016879662755
0.2112060725234235,25.38787510571871,102.76270649539826
10.192925726965399,23.962800626919897,107.04412823464499
-3.3209877385852664,27.618967524516595,108.15488235948112
7.307095891482572,20.210867832620753,89.15056722196559
0.4210644833500634,19.933178481326674,81.15377840865676
3.908364716029469,23.3005870321879,98.11071284478106
11.967608576895705,20.225778137089076,93.870721125252
-0.5462585537921392,26.333855534969622,105.78916358608635
9.131856549792493,20.596344977784295,92.51723646092967
-3.5509117380923456,23.125361676992203,89.95053496987646
4.509669939374024,20.671583407551445,88.1960035695798
6.240107274760896,19.12580803970165,83.7433394335675
6.896198196410214,19.983942273507584,87.83196729044055
-0.8636819772137159,22.7951014622463,91.31672387177149
-2.812505642716526,18.042731014520086,70.35841841536381
-13.344866368741958,26.268931734648575,92.73086056985234
12.942639784708671,22.269649963084692,103.02123963704744
10.430354832637535,25.159440425957214,112.06811653646639
5.875010921941747,23.022484690686916,98.96494968468942
-7.116009175192207,23.961866153444838,89.73145543858715
6.251013524952637,21.85076078405809,94.654056661185
17.403699666715127,20.649349833167484,101.00109899938506
5.552207111351435,23.66779814533003,101.22339969267155
9.052482649531205,21.121313399278115,94.53773624664366
-20.021117822977537,24.072590611441036,77.2692446227866
4.446600047721392,22.55234928915176,95.65599720432843
13.427207206347695,23.15346289349136,107.04105878031314
8.71341674015231,23.202362011197142,102.52286478494088
13.316506370243621,19.7068586459993,93.14394095424082
13.361500655281457,21.152181044988897,98.97022483523705
-2.0534135467779393,21.943495947269994,86.72057024230205
5.611294456948755,23.736009114716282,101.55533091581388
-1.3991445919836325,21.31797633182873,84.8727607353313
3.103560111529344,24.138921559895884,100.65924635111288
-1.810382371183084,22.310021446463683,88.42970341467165
9.273218528336336,18.895052188924335,85.85342728403367
-2.3084075723276873,22.339409556368427,88.04923065314603
8.840434030524687,20.62142717075345,92.32614271353849
8.207797261741657,20.526093575797148,91.31217156493025
2.0481371812829323,23.311041336929048,96.29230252899913
6.507361814780984,22.35608035015499,96.93168321540094
-1.8918661429790902,23.45734864572525,92.93752843992192
-0.24132161429256627,21.496229005643457,86.74359440828127
12.158363362647437,21.935279286348017,100.8994805080395
14.80517849152898,21.30796977011354,101.03705757198314
8.340734824236074,25.083450145455874,109.67453540605958
-0.32616228317539964,22.120748090145074,89.15683007740489
3.7672757333286446,21.715471899885344,91.62916333287002
-13.066856934087486,21.94402060761949,75.70922549639047
2.31178570653665,24.901073624880567,102.91608020605892
4.296633358069105,25.93791748397009,109.04830329394946
13.119136185351383,21.466052035961678,99.98334432919809
13.156139594983802,22.692821334918804,104.92742493465902
-4.129230914160068,20.336135951064108,78.21531289009636
-9.279326270056787,22.141784321693763,80.28781101671827
-1.4606363019765611,19.53992984796345,77.69908308987723
-6.0616531106329745,22.730167924577675,85.85901858767772
6.104576291248573,18.271522707936455,80.1906671229944
11.838955304319715,21.44430904116279,98.61619146897087
26.19295057438887,26.739511696075176,134.15099735868958
-5.5085727401656985,21.51272497195465,81.5423271476529
5.88349525787366,24.809054742092506,106.11971422624369
6.547789017478201,24.189154702456882,104.30440782730572
14.779002232134502,21.508165749815124,101.811665231395
11.632036850909305,17.999973218991045,84.63192972687348
10.705430025103896,21.373330859266762,97.19875346217094
0.5277619932575748,20.66994155566878,84.2075282159327
10.067121073060864,25.321865306756813,112.35458230008811
-0.46410773171267117,22.968344572575543,92.4092705585895
4.571207796599722,25.355787048012274,106.99435598864882
5.350141892307549,24.260459773298635,103.39198098550209
13.803942831440706,24.274290191249406,111.90110359643833
9.748579697294913,22.991937740511847,102.7163306593423
8.729232474416778,27.95503218883951,121.54936122977482
-8.314224365364835,23.513640242767078,86.74033660570348
9.62006980867749,22.67203049514468,101.3081917892562
4.23777403540951,22.810448979446353,96.47956995319493
-7.524308880429659,25.38594521644612,95.01947198535483
8.020012612208175,21.554169394494135,95.23669019018472
10.435287166618489,23.73586769050226,106.37875792862754
0.06322124038812671,24.36753438070485,98.53335876320753
-8.911572434215062,26.789144650601795,99.24500616819212
31.020315046312962,23.232611969541054,124.95076292447717
0.9304982160912196,22.950634875380572,93.73303771761351
10.31582436878592,21.96633892046023,99.18118005062685
8.159625893149418,24.46018900749626,107.00038192313446
17.04960375873999,22.44452576725148,107.82770682774591
3.3060809638646256,21.33070013524916,89.62888150486127
1.172591564179167,23.360568975131297,95.61486746470436
7.9620856554507835,24.562358838791166,107.21152101061544
4.3506676906966835,22.77374803952136,96.44565984878213
11.160820826685265,21.930258271883762,99.88185391422032
5.244929266377773,20.478713198441387,88.15978206014331
10.00051112707,21.22010637032841,95.88093660838364
-2.2832547964672703,26.20151747674167,103.52281511049941
9.919656853775166,15.883607545374892,74.45408703527474
10.814390586452111,20.996504465516264,95.80040844851716
-0.03595040507200142,21.429518636497388,86.68212414091755
5.3430955063705685,20.104430618507614,86.76081798040103
7.641130550053954,23.438049428855084,102.3933282654743
-1.199326076939668,23.96409778571976,95.65706506593936
2.958608274251669,20.418689890908365,85.63336783788513
2.1814283791875306,22.593084869346754,93.55376785657455
0.5226520870012106,21.970684510746146,89.40539012998579
7.63383818376791,22.00835637205743,96.66726367199763
5.593163626057866,23.269469710171876,99.67104246674538
4.884047459450196,25.222045018200365,106.77222753225166
5.066920848573229,21.64107186883435,92.63120832391063
14.550160944450305,21.052097772980858,99.75855203637374
10.30272132069658,22.012163472363795,99.35137521015176
5.881755200027648,24.62634620827766,105.38714003313828
4.809738927377191,21.423770000993827,91.5048189313525
2.806308342399302,26.789585907968014,110.96465197427136
2.4925605618677076,24.800572809541276,102.69485180003281
-3.415487358485203,23.32040873588576,90.86614758505783
13.763047109173286,22.030020372769297,102.88312860025047
1.9945565379982022,23.418154226464893,96.66717344385778
6.963601458958078,22.417798829636027,97.63479677750219
7.7670778639892895,20.88394929799255,92.30287505595949
11.052321000101855,23.615004974959707,106.51234089994068
-0.1295959807010547,23.597649027276347,95.26100012840433
3.2898858960137627,19.4988725019802,82.28537590393455
-3.2342530869154036,18.388160637389795,71.31838946264378
5.865265859379639,24.53018925829729,104.9860228925688
1.3130457482879296,26.40174447892954,107.9200236640061
8.570208408846394,20.943715201421405,93.34506921453202
1.9860471398082775,22.1834540522191,91.71986334868468
5.515455164166125,21.551074834415505,92.71975450182815
2.1051676779892947,24.904754353169025,102.7241850906654
14.769760167358966,21.95450103697929,103.58776431527613
11.186971656500269,21.51516973404506,98.24765059268051
6.268232424593567,23.191928315917224,100.03594568826246
-4.110073594620818,22.374436476746492,86.38767231236515
-0.9916465344023537,20.769478394715474,83.08626704445955
9.367199073951632,20.882250559388094,93.896201311504
7.701297912825694,25.21746497995838,109.57115783265921
0.798486201133743,21.326768745993892,87.10556118510931
-5.111253909631969,20.523274675260758,77.98184479141106
3.1933742370052336,20.640323860649083,86.75466967960156
9.197555656064836,26.624232056515552,116.69448388212705
4.837182365167982,24.604585348206175,104.25552375799268
3.2231620684036297,21.838508708102868,91.5771969008151
10.420461001503906,19.18922653559427,88.17736714388099
5.493718688323928,22.657716004700024,97.12458270712402
0.5740931495783936,21.411338498376512,87.21944714308444
-1.7943871106135791,23.264596034966807,92.26399702925364
5.583963462516177,20.147915737993525,87.17562641449028
-4.841195078974881,24.841799953922237,95.52600473671407
2.236106023836865,20.843986389984266,86.61205158377393
11.479616855893727,20.803785098974465,95.69475725179159
1.130954582188866,21.12096051908192,86.61479665851654
5.337296763701936,20.33594675967942,87.68108380241961
16.1208961358444,22.35088994359257,106.52445591021468
12.470982475722721,25.667803154124133,116.14219509221925
22.393144281486713,20.90264721828803,107.00373315463884
7.877231748356479,22.602346641085497,99.28661831269847
2.4207206113996795,23.740216942671996,98.38158838208766
-2.773831199996324,23.352758191600326,91.63720156640498
2.3798712944287645,25.39903901565943,104.97602735706649
5.321680913445489,18.80823235404086,81.55461032960893
-2.565136474742447,18.60762022813491,72.86534443779719
8.871899230790309,24.686705847335013,108.61872262013036
10.904725363439471,23.377894854949332,105.4163047832368
5.829854863673788,21.178118891336624,91.54233042902028
-10.853663180370027,23.608045349465936,84.57851821749372
3.6292889942294657,24.232764968133335,101.56034886676281
1.8539406233258697,21.75527583486222,89.87504396277475
10.692706454703817,21.9478218221303,99.48399374322503
12.289559643500146,23.060159419756847,105.53019732252753
12.768883169293773,20.429625764082182,95.4873862256225
-5.795843695901178,23.22042945375802,88.08587411913089
-11.663968423135302,18.106562284432922,61.762280714596386
4.3252995019592655,20.12621864517228,85.83017408264838
20.101374813049084,24.026207555175425,117.20620503375079
3.0290472690064636,26.40398582602062,109.64499057308895
7.895251393738061,26.259791477507544,113.93441730376824
9.337073125057291,18.831282275400852,85.6622022266607
9.734999799860947,20.75559553517312,93.75738194055343
-11.439940822256137,22.855618770286487,80.98253425888981
10.760792775693156,24.654001012517604,110.37679682576358
8.029220963914556,21.618889469673938,95.5047788426103
17.6619574739857,25.29981976994056,119.86123655374794
-1.4388621894974722,23.18611297258313,92.30558970083504
3.983577711918632,24.253291863042637,101.99674516408918
-4.030457228084021,18.905289179678086,72.59069949062832
3.222983053747339,26.128500156789418,108.73698368090501
-3.116008920863667,24.285277339537068,95.0251004372846
2.560619566100783,20.737177925449988,86.50933126790073
11.175851884662084,24.756761591703473,111.20289825147597
-0.7623332652246644,25.289511121528033,101.39571122088746
4.673230316823297,22.361200061863755,95.11803056427831
7.116522818032447,21.517214730350197,94.18538173943324
1.6354092552606305,24.447298744879824,100.42460423477992
19.46481447431756,24.162564500682368,117.11507247704704
6.128370305751778,20.71886864563175,90.00384488827878
1.7673240971377617,22.36429633617117,92.22450944182243
-4.390763193361602,23.448097476408908,90.40162671227402
3.059818592826809,24.400413759742275,101.66147363179591
-2.040954624220893,22.61752755163952,89.42915558233719
-1.7331134034101314,23.405049817913433,92.8870858682436
-2.426918252361973,23.29144041555318,91.73884340985074
2.6446187953405196,24.67878987531896,102.35977829661635
7.112574005057195,23.33859835819183,101.46696743782452
0.7291021560375679,23.170892418241888,94.41267182900512
-0.46408327274437156,21.630041107092264,87.05608115562468
24.99308828564063,19.07040324180392,102.27470125285632
2.311307038739271,21.396444974064615,88.89708693499773
-1.4715359527951462,20.628265292817822,82.04152521847614
10.07194768784034,23.99872774458125,107.06685866616533
11.31914612746277,22.531039765778463,102.44330519057662
2.4762949152465294,20.177698447361873,84.18708870469402
12.255770435653753,21.34005405831521,98.6159866689146
5.636632693099557,24.859807615048055,106.07586315329178
10.294485233590848,21.76002375571278,98.33458025644197
7.00518317320195,23.496178072860644,101.98989546464453
12.472546556474306,23.77704498924949,108.58072651347226
-1.1411046725350023,22.960406053006274,91.70051953949009
-0.9692963528115452,22.50039508290837,90.03228397882194
2.730628778207138,21.196323053579828,88.51592099252645
7.07954346510283,23.35352776092693,101.49365450881055
10.05472848190556,22.642553603309857,101.62494289514498
3.8461339149525577,23.9059363033585,100.46987912838657
1.4785005946648457,23.907386666846612,98.1080472620513
6.1614526491507355,19.275749706348506,84.26445147454476
3.8103228853546143,18.870272544849307,80.29141306475184
8.65379366784816,21.956228533200903,97.47870780065178
-3.350707457394922,22.199362051067602,86.44674074687549
8.278506335107235,26.74820427764616,116.27132344569188
2.5338630930872177,26.185205452506814,108.27468490311448
1.6499058664062893,21.650257518251415,89.25093593941195
7.346115618781431,20.573829545671753,90.64143380146844
-0.7549897049195486,22.614906892580063,90.7046378654007
17.469705559276797,21.420164776068482,104.15036466355073
7.956012842907313,20.469325504397247,90.8333148604963
12.694923666550324,21.1076015003738,98.12532966804552
2.6872926985890273,27.488341528174846,113.64065881128842
6.8645041402111735,25.13185156185087,108.39191038761464
1.409818129762869,21.778173939224462,89.52251388666072
13.755601161646757,23.244892381962693,107.73517068949752
0.6932682430063704,21.08285028578651,86.02466938615241
10.141300362385865,21.892049319492166,98.70949764035453
9.02712467660297,16.484979465685594,75.96704253934534
16.77243050759305,21.240311498158423,102.73367650022675
-6.288736004971312,21.77861601992621,81.82572807473353
6.842991179978801,23.095970492621642,100.22687315046537
-7.481541199701574,23.986133404907566,89.4629924199287
8.28751666144122,23.826125884152553,104.59202019805143
-0.2700473540793773,24.03224002921094,96.85891276276438
-10.164543785453352,24.41912088638444,88.51193976008442
-1.2489850833397425,26.232015831334696,104.67907824199904
2.13568054224399,23.20855559389473,95.9699029178229
2.4101946647142065,19.648075044893602,82.00249484428862
2.491971356093743,23.594167249581442,97.86864035441951
-1.2392765499783271,21.33222605622547,85.08962767492355
14.582274359625648,25.055281559488503,115.80340059757965
-3.938856005226789,21.82821980519025,84.37402321553421
12.07579070887112,21.08007493991763,97.39609046854164
8.871142669911825,22.482571222157734,99.80142755854276
-6.697099075147539,22.929489524873414,86.02085902434612
7.827818646007554,21.349333032940383,94.22515077776909
6.857090273134176,23.70469524509156,102.67587125350042
-3.6444329784184486,23.493111342295073,91.32801239076184
15.035866770402789,23.39235861594859,109.60530123419716
9.458357886851473,22.503434842712682,100.4720972577022
3.3982838907081234,24.921449113836527,104.08408034605424
-3.1682387178169407,22.616772323376853,88.29885057569047
15.693448513123627,22.55275890787782,106.9044841446349
13.430957691588311,20.980664125878416,98.35361419510198
-3.091155424085988,22.461340086722753,87.75420492280503
23.21676073580847,18.627056909946788,98.72498837559561
1.890775794935101,21.81459064084415,90.14913835831169
6.095714051765774,21.47214494389879,92.98429382736093
5.493480946729075,19.17621278015083,83.1983320673324
-10.297871550795222,19.535494876451242,68.84410795500975
5.913108949295374,22.221953763478343,95.80092400320875
3.135791556523529,18.449137471678352,77.93234144323694
8.622592252053458,24.21368471622064,106.47733111693603
-5.384373342947402,20.103399245484585,76.02922363899094
1.0123459302032978,22.28310582121642,91.14476921506898
-2.9486543314302045,23.299677702989204,91.25005648052661
9.880259656875392,21.52554408872391,96.98243601177103
-3.885730374523387,22.967317509201845,88.98353966228399
2.2350371479817506,20.215618056390586,84.0975093735441
14.40055246789685,25.130552677363205,115.92276317734967
4.993387076500459,20.28937643573969,87.15089281945922
7.427071424937688,21.236277992662114,93.37218339558615
21.142177662701737,21.748687589558948,109.13692802093753
12.830275091391474,22.798521781427677,105.02436221710218
0.12975990273478288,19.24987284803025,78.12925129485578
9.238761219868422,18.059982630170758,82.47869174055145
8.203400778249417,21.068701342830586,93.47820614957176
7.31276486302786,20.490142580236412,90.27333518397351
4.792035700107068,20.626274440294587,88.29713346128541
-3.1401599483487157,20.353218861689516,79.27271549840935
10.962405114629162,20.66263487026597,94.61294459569304
8.266991650732415,25.120123088758678,109.74748400576712
11.811894796168918,20.03593866089883,92.95564943976423
15.254531323734193,25.1429938955416,116.8265069059006
8.132425109917051,22.30263997671232,98.34298501676633
8.875417466793689,24.399485626662255,107.47335997344271
7.85592237873699,21.142035814163513,93.42406563539105
6.064048895303763,20.8239815690919,90.35997517167135
9.985776723263186,23.12984311761069,103.50514919370595
6.540005362340254,26.785050630137803,114.68020788289147
10.154282568741793,22.35282407158578,100.56557885508491
1.3291043777951908,22.992332767974887,94.29843544969474
3.618667451191059,18.993950930040832,80.59447117135439
2.7070064325483543,24.72887429625635,102.62250361757376
7.4690104446270835,22.160415157530874,97.11067107475058
8.350268801833685,22.980196593566124,101.27105517609817
9.451524899136523,21.181094066351502,95.17590116454252
3.700711576965668,22.503943580837955,94.7164859003175
19.26595407870967,22.64677750951468,110.8530641167684
-3.7135943388226025,22.72524875551011,88.18740068321783
-13.964343664642147,19.062011622505473,63.28370282537975
0.08525381050168779,25.199348257046847,101.88264683868907
5.781571348495121,22.23778995856862,95.7327311827696
9.992449405138444,25.664701832297222,113.65125673432733
5.19066319069149,22.642975874184305,96.76256668742872
-0.3559367818155348,20.018053662635733,80.7162778687274
14.067510248408757,25.50829145567266,117.10067607109939
-10.485033269188603,21.698049449161427,77.3071645274571
12.629040347428877,21.053893259851595,97.84461338683525
0.8607175263843239,20.454212738105074,83.67756847880462
3.3950315106650746,20.70606161151456,87.21927795672332
4.908086082019941,23.00690228142079,97.93569520770309
1.807815182326085,23.0923908088359,95.17737841766969
4.289574156758383,24.991018682447557,105.2536488865486
8.094132962759542,23.476351711050153,102.99953980696016
-11.280245431097846,21.95676013370875,77.54679510373717
4.64948754132492,23.941646650297773,101.41607414251601
1.296907473942472,22.841423450483525,93.66260127587657
2.925036604839027,22.867918233531665,95.39670953896568
3.473288180625938,16.431524898891176,70.19938777619065
16.954551393532938,19.594665543552214,96.3332135677418
13.430725841009055,24.541393586639444,112.59630018756683
4.570847286941621,25.676587975862436,108.27719919039137
5.22097542211681,20.71622009632849,89.08585580743078
10.418930325285695,23.548843038301296,105.61430247849088
4.313839130627267,19.987268979852807,85.2629150500385
0.5812461352992013,23.783009049033495,96.71328233143318
12.827489243542704,21.809153945438418,101.06410502529637
12.637793098785242,22.57873467678384,103.95273180592059
2.3864035667271186,19.670854120736912,82.06982004967477
3.8742509464352395,23.019580059889236,96.95257118599218
-2.6105855952271932,24.27528640700034,95.49056003277417
1.9300610755997192,23.953630503459255,98.74458308943674
1.9698824782954536,21.984485614047298,90.90782493448465
1.5384414244655797,20.80427889114217,85.75555698903426
-3.489166381294927,17.795241987584035,68.69180156904122
3.853890239637457,21.946651725340537,92.6404971409996
2.29186963507297,20.70467841697748,86.11058330298289
-4.085891891653045,22.213427507744584,85.76781813932529
12.797404391088644,22.043643203662157,101.97197720573728
2.919661638802008,21.049672012669816,88.11834968948128
11.751048261941351,19.417574210263712,90.4213451029962
13.586247324856126,23.023802771801197,106.68145841206092
6.700849907091803,23.415994446397395,101.36482769268139
8.812336929204015,22.268822144001284,98.88762550520914
9.188085724080159,23.530675782826076,104.31078885538446
5.075211193263651,24.35172068052334,103.48209391535701
17.664779696093593,23.22248540963142,111.55472133461927
16.407515991189772,24.227170191915214,114.31619675885062
1.2495804363311773,20.254897763842248,83.26917149170016
8.027033986588403,20.695357784968415,91.80846512646207
2.368037912897309,23.242124781056695,96.33653703712409
8.846849358116911,26.44741330719845,115.63650258691071
11.880969069537045,20.111916814289625,93.32863632669554
-1.7005197061316766,21.32927794881855,84.61659208914253
7.1638691906888425,25.066564907705907,108.43012882151247
2.3837947573402483,23.399830907715938,96.983118388204
2.2117634116393803,20.47648362265527,85.11769790226046
26.74871313979959,23.38550822096132,121.29074602364487
1.768799940218012,27.010915399567207,110.81246153848684
8.205600974088894,22.93280387826187,100.93681648713637
1.8928309884435301,22.8545534430353,94.31104476058474
6.848546095700792,21.43544509617544,93.59032648040255
7.499459321632862,21.568309675425805,94.77269802333609
15.297816064603948,24.12412999249791,112.79433603459559
5.76490575112732,23.77824635257601,101.87789116143135
8.27979195490236,20.063188662356353,89.53254660432778
12.189122598578571,19.879033672413282,92.7052572882317
3.9931632259568977,24.728138583920156,103.90571756163752
8.531008605726807,22.147592464385372,98.1213784632683
3.739082268228872,25.214469085808126,105.59695861146137
9.350954352432705,23.206752040487697,103.1779625143835
4.172495736675833,26.812583009755535,112.42282777569797
10.603344758636252,21.856741460523725,99.03031060073116
13.224622841974524,23.81592570970276,109.48832568078556
-7.023724539633527,23.548255272150243,88.16929654896745
-2.8759554531995795,23.747064508734553,93.11230258173863
4.680661663095456,21.471009039280997,91.56469782021944
5.536652638025004,20.130292314278677,87.05782189513971
6.944404048807081,23.411963484570812,101.59225798709033
1.0243613617183698,25.923825981802842,105.71966528892975
19.364232436151223,22.247553513677513,109.35444649086128
5.063942351167402,25.25459741073911,107.08233199412383
-1.4361889253859008,23.380044351637412,93.08398848116374
3.145166654547863,24.25703319157998,101.17329942086778
10.425327930440982,23.034664021354196,103.56398401585777
5.183607031811835,24.005592535810372,102.20597717505332
9.498829288950738,21.157197836424242,95.12762063464771
15.644030319985582,22.468394372884745,106.51760781152456
2.6975200590443746,19.929562989899736,83.41577201864332
3.253695210841797,21.4215808310146,89.9400185349002
18.889183901949906,21.40123467283833,105.49412259330323
7.01876746633682,19.516422185334513,86.08445620767488
5.005143291566916,26.15921154619663,110.64198947635343
6.197643714961605,23.88244642887926,102.72742943047864
-0.09837151565181124,20.8206015328539,84.18403461576379
18.253068346188563,21.06737410180102,103.52256475339263
-8.833446624325545,24.264562697904566,89.22480416729272
-13.920397949499836,21.22976394301867,71.99865782257484
1.3157296948545874,20.3390935168333,83.67210376218779
-10.337805949721568,22.638297408981526,81.21538368620453
8.60184262277501,23.364240444564437,103.05880440103276
13.295529734549383,24.262324000030983,111.34482573467332
0.9891163144654733,20.125251615389704,82.4901227760243
-7.842226506259973,20.809324255846285,76.39507051712516
1.9388104062403055,21.20835940636262,87.7722480316908
0.03268840088115077,22.490338646405537,90.9940429865033
11.784433391539936,20.940029986194048,96.54455333631613
-0.9114653983803258,23.12095879497235,92.57236978150907
8.16558068843985,21.857593950882663,96.5959564919705
-1.7715414656772115,23.728183527274798,94.14119264342197
14.75813820020798,22.559180997155625,105.99486218883048
-6.126826219126894,18.863501706262866,70.32718060592457
-15.151047659633726,20.1337807822798,66.38407546948548
10.411398114172304,24.22974672027253,108.33038499526242
-3.9391648911466994,21.705686490829848,83.88358107217269
8.831396299068475,24.116441371315343,106.29716178432984
6.894055479073805,24.14609438045597,104.47843300089768
2.660018353770648,20.95167788927394,87.46672991086642
7.5254378503128265,21.33527031207941,93.86651909863046
6.908741788506715,22.771196058169018,98.99352602118279
8.31031794420309,21.942835478644536,97.08165985878124
7.204334684952128,25.660669241041287,110.84701164911728
16.873423340266502,23.331649334425833,111.20002067796983
10.731972707413536,23.837165076487114,107.08063301336199
12.326372583083952,22.738702983271104,104.28118451616837
9.12276945338887,20.95356813131584,93.93704197865223
8.946791625038765,23.501059625459455,103.95103012687659
-2.882966134319421,25.80233962516887,101.32639236635606
0.8386548661281399,22.199342890165546,90.63602642679032
15.223859671922396,22.651937857502006,106.83161110193042
9.075464520678352,19.868880863677315,89.55098797538761
5.213004054850104,21.767885646203172,93.28454663966279
12.48865683394424,24.556676259823217,111.7153618732371
14.434984426300705,21.85589394893543,102.85856022204243
7.021889525723091,23.762621226313385,103.07237443097664
-0.8339750498383971,20.218942053858665,81.04179316559626
2.9092043798518796,19.97367267769592,83.80389509063556
7.0586395581359564,23.49523013317125,102.03956009082096
4.883550115902306,24.060170678538302,102.12423283005552
9.500808602547355,20.030300421653447,90.62201028916114
5.1795918731480395,23.17929552370704,98.8967739679762
-1.0380056811766805,19.532805511845662,78.09321636620597
12.453423891751378,22.462954650269953,103.30524249283118
3.6031621762149615,21.3154467240172,89.86494907228376
13.704010743853432,23.041496071091963,106.86999502822128
2.167731220831914,22.1705322708643,91.84986030428911
3.0978613166238653,16.724971214208647,70.99774617345845
6.137929513072773,21.557691328536713,93.36869482721963
4.804428740728135,19.299124850227578,83.00092814163845
15.418252747137927,20.52116388828584,98.50290830028129
7.045396766758454,19.296934207635992,85.23313359730243
1.0828724723956018,22.21201480836617,90.93093170586029
11.295501026586905,21.45048560568497,98.09744344932679
6.7896444858317775,26.81093828827016,115.03339763891242
-2.96292650436495,20.98108768738219,81.96142424516381
8.977752983560965,23.16452347269783,102.63584687435228
12.825011661414415,23.338160629192952,107.17765417818623
-6.8349774669838546,24.59973424407241,92.56395950930577
-7.082040166843594,19.07991278779854,70.23761098435057
1.7630822430694373,22.275213810950962,91.86393748687328
4.732878889483255,21.430729521034614,91.45579697362172
6.791932439785949,21.17263456191452,92.48247068744404
3.457884975999145,25.86116708006387,107.90255329625462
0.04019338440684628,20.800693909564,84.24296902266285
6.374951246914592,22.450943616031584,97.17872571104093
6.624801772046707,23.563807338242416,101.88003112501637
5.9926354147436065,20.08330478630823,87.32585455997652
4.942956055043837,25.824132435108346,109.23948579547722
9.38803355284627,22.941825453445833,102.1553353666296
4.58152459202207,24.44371249568628,103.35637457476719
10.23385363982213,23.803729989557112,106.44877359805058
8.83516870830893,23.41633967682611,103.50052741561336
-2.985022519753893,21.109451364658074,82.4527829388784
-1.0727939895759242,22.712896187893925,90.77879076199977
17.74353148849735,20.320036686214824,100.02367823335665
4.867611792144118,22.175336990810596,94.5689597553865
3.662317919283968,20.782414770546055,87.79197700146818
0.4388602233917158,22.634736355356758,91.97780564481874
4.590091339345961,20.28479718607127,86.72928008363104
4.594733456912911,23.72815061733987,100.50733592627239
5.762591500248139,22.123047644877733,95.25478207975907
5.140997549294198,19.572445460092034,84.43077938966233
8.263366450515548,20.77221449232717,92.35222441982422
7.934340616034554,24.95506459376925,108.75459899111155
2.316105866363988,20.811690450394064,86.56286766794024
9.400057600613641,20.3781428571391,91.91262902917003
3.3340920862915424,21.459179418717877,90.17080976116306
14.83412831582147,21.966350129678368,103.69952883453495
-7.33771080291484,23.284751627607033,86.80129570751329
8.52095557396512,23.223602415640258,102.41536523652616
15.823134010116842,23.93151623956551,112.54919896837889
-1.2476876369861785,24.213898150504914,96.60790496503347
11.090762190629533,27.724792718944652,122.98993306640814
8.800994748973208,22.08375831246841,98.13602799884686
-4.9343657157303245,21.744555079216592,83.04385460113605
0.2121770485066552,25.05258397019383,101.42251292928198
2.417348453578483,19.51603932089515,81.48150573715908
10.346268230391022,20.96886716335403,95.22173688380714
-0.4366114180738814,22.49250524986554,90.53340958138828
10.652827579018423,19.25245258708072,88.66263792734131
2.1263120289290707,22.47008839149862,93.00666559492355
6.170245591595967,21.115404040948725,91.63186175539087
3.359645266782382,23.59109794017133,98.7240370274677
1.341421302731721,20.014681058557514,82.40014553696177
7.242505484604533,25.77328216224793,111.33563413359626
-8.667739125662154,25.041325453410476,92.49756268797975
-7.938318503992839,19.725759049034743,71.96471769214614
0.5708012045824038,23.165391279260774,94.2323663216255
1.4213429188747115,20.945300704380244,86.20254573639569
0.562682432504908,20.98777976830089,85.51380150570847
-1.9550717153225756,24.69883202407541,97.84025638097907
-6.971865269797979,26.024403573566403,98.12574902446764
-6.513023338148306,23.471935238122576,88.374717614342
11.065892178738796,22.671630598924178,102.7524145744355
5.217156322486683,23.26872266449112,99.29204698045116
9.224019284771176,23.68169435217009,104.95079669345154
23.858420736079395,23.58780879731644,119.20965592534516
6.113816587676332,24.150607692275255,103.71624735677736
-5.293940229656334,24.829285655255926,95.02320239136738
3.338996529182025,22.14757235469442,92.92928594795971
6.640709162671248,21.62010332384549,94.12112245805321
5.112421096778186,22.20511283147752,94.93287242268828
14.926047637766382,25.60359379747792,118.34042282767807
-0.2578647437579811,25.275816155615193,101.84539987870279
4.832886674211567,21.010842361559202,89.87625612044837
5.5264300395380515,23.471662752896407,100.41308105112368
0.009031952019727285,25.373453740546132,102.50284691420426
12.426494073680443,26.36002462786782,118.86659258515172
-7.826109411527558,20.85173328327596,76.58082372157628
-1.2287936792446343,24.26042722890363,96.81291523636989
16.70926420435692,21.618265415697117,104.18232586714538
8.085190934247994,24.68171679541261,107.81205811589842
6.275609125608945,22.33017506425038,96.59630938261046
3.990714982504544,23.48078540694593,98.91385661028826
-1.1449726448103519,23.733091918487183,94.78739502913838
-7.699662789154745,21.14310349055719,77.87275117307402
-0.9337623999458078,24.656513388386347,98.69229115359958
-8.343071096746314,23.61784152015785,87.12829498388508
3.168789827558992,21.93421726135045,91.9056588729608
9.820764337121721,24.44568453643059,108.60350248284408
1.1809181365723012,16.98344587420182,70.11470163337958
3.7146273278826953,23.849700019042366,100.11342740405216
10.876099811455028,21.449831444210574,97.67542558829732
-1.2618301843433333,19.4484428223378,77.53194110500786
8.293001206419586,22.70558977164423,100.11536029299651
9.333621982617382,21.65189582652607,96.94120528872166
1.3804791632919637,20.11138052978488,82.82600128243149
-5.338021265490275,22.490694763181825,85.62475778723703
0.30365037912052806,18.791425819320676,76.46935365640323
-1.855563116152692,21.337972805060947,84.49632810409109
1.0577705480457706,19.89803248033757,81.64990046939604
-0.05750530541340382,25.48365685010044,102.87712209498837
-0.4444534918313261,23.39981542032162,94.15480818945515
12.806938463498959,25.62502499767802,116.30703845421104
10.086544808929554,22.60174693259474,101.49353253930852
12.59075870580105,20.514907152647403,95.65038731639066
2.73893707885425,28.02987815705303,115.85844970706637
18.231695953588698,25.86118804485834,122.67644813302206
-2.805171418268438,21.9446704115216,85.97351022781795
-0.2677091231793529,23.14141090902179,93.2979345129078
10.027310887416462,19.917046649830052,90.69549748673667
8.545936758756742,20.915626457053676,93.20844258697144
16.31138581702075,23.98229462022729,113.24056429792991
5.1021906551506175,22.064048135626123,94.35838319765512
14.621931755942914,23.31985476781558,108.90135082720523
2.6896715978075894,21.402484813131117,89.29961085033206
6.029651905419389,21.641101368592754,93.5940573797904
10.34006073147118,24.410872735986622,108.98355167541767
-1.3821414085470494,22.845365895159194,90.99932217208973
12.826197938439588,23.463707647990088,107.68102853039994
6.421570931508963,21.81064471743197,94.66414980123685
4.9395680399859145,23.96795614923519,101.81139263692667
-0.42200482091483327,23.591787515838615,94.94514524243962
-5.984301468369338,21.12813693788769,79.52824628318142
16.612516999217668,21.130467601791047,102.13438740638185
3.8169851720652064,25.281484138521947,105.94292172615299
7.678435260973862,20.472887042089404,90.56998342933147
12.175770377220172,21.296741390482033,98.36273593914831
10.566494010460183,22.23148832242896,100.49244730017602
-7.18928593856592,22.046790106914507,81.99787448909211
-1.3867429030276073,22.587099476558144,89.96165500320497
2.8617264414675296,21.881020908744848,91.38581007644692
-4.281148624032683,23.051226009486214,88.92375541391218
11.792548631839956,22.23117054335566,101.7172308052626
8.811012592471329,20.185847859072,90.55440402875932
13.50489594286277,23.893421568881546,110.07858221838896
1.7051813478443054,25.865949632367194,106.16897987731308
-7.849065595690256,23.708082051132024,87.98326260883783
10.245587857843862,26.25840744897842,116.27921765375754
20.947575700895364,22.58419420350263,112.28435251490589
5.73966100437823,27.555664109809342,116.9623174436156
24.19958848822386,19.640804451781374,103.76280629534935
